Х,Х0,Х1,Х2,Х3,Unnamed: 5,Y
О1,1,0.68,0.97101,1.0,,0.88525
О2,1,0.45,0.92424,0.94595,,0.97241
О3,1,0.34,0.72222,1.08571,,1.02941
О4,1,0.66,0.9375,0.90476,,1.06452
О5,1,0.64,0.83607,0.88333,,1.07143
О6,1,0.51,0.94118,1.03774,,0.84483
О7,1,0.88,1.25,0.67,,1.17
О8,1,0.5,0.71429,0.70455,,1.0
О9,1,0.32,0.95122,1.07317,,1.06061
